{
  "norm_stats": {
    "state": {
      "mean": [
        -0.046515364199876785,
        0.03437928482890129,
        0.7644976377487183,
        2.972177743911743,
        -0.22033743560314178,
        -0.12564770877361298,
        0.02691822499036789,
        -0.027194784954190254
      ],
      "std": [
        0.10494291037321091,
        0.15176796913146973,
        0.3785354495048523,
        0.34430304169654846,
        0.9069933891296387,
        0.3253868818283081,
        0.014174072071909904,
        0.014057019725441933
      ],
      "q01": [
        -0.3992278680294752,
        -0.2688781352341175,
        0.0380015922319144,
        1.5083277968406676,
        -2.721004430627823,
        -1.0813218128442763,
        0.00173520012809895,
        -0.04004424215038307
      ],
      "q99": [
        0.13532010269463068,
        0.33566314613819126,
        1.270144051608257,
        3.2765059180259706,
        2.405436800289154,
        0.5971528978824616,
        0.04030334069116507,
        -0.0017878379381960213
      ]
    },
    "actions": {
      "mean": [
        0.05508739501237869,
        0.08771197497844696,
        -0.08736418187618256,
        0.0007126443670131266,
        0.005475438665598631,
        -0.00553408358246088,
        -0.0457155816257
      ],
      "std": [
        0.331815630197525,
        0.3758377134799957,
        0.44807112216949463,
        0.03933163732290268,
        0.06357798725366592,
        0.0785769671201706,
        0.9989544749259949
      ],
      "q01": [
        -0.7072499999999999,
        -0.7983750000000001,
        -0.9375,
        -0.11467779144644738,
        -0.16410000000000002,
        -0.2240490057706833,
        -1.0
      ],
      "q99": [
        0.937125,
        0.86775,
        0.937125,
        0.13163035735487938,
        0.19169999999999998,
        0.33742949963808055,
        0.9996
      ]
    }
  }
}